,year,population
1,1851,2.436
2,1861,3.23
3,1871,3.6889999999999996
4,1881,4.325
5,1891,4.833
6,1901,5.371
7,1911,7.207000000000001
8,1921,8.788
9,1931,10.377
10,1941,11.507
11,1951,13.648
12,1961,17.78
13,1971,21.046
14,1981,23.774
15,1991,26.429000000000002
16,2001,30.006999999999998
